{
  "0": { "0": 2.7099406719207764, "1": -10.413479804992676, "2": 0.5 },
  "3": { "0": 2.161862850189209, "1": -8.586553573608398, "2": 0.5 },
  "6": { "0": 0.29244914650917053, "1": -6.4068217277526855, "2": 0.5 },
  "9": { "0": -0.10715033113956451, "1": -4.777318954467773, "2": 0.5 },
  "12": { "0": -1.478013515472412, "1": -3.321382761001587, "2": 0.5 },
  "15": { "0": -2.3371355533599854, "1": -1.973061203956604, "2": 0.5 },
  "18": { "0": -2.397027015686035, "1": -0.5552598834037781, "2": 0.5 },
  "21": { "0": -2.1075282096862793, "1": 0.679017961025238, "2": 0.5 },
  "24": { "0": -1.513436198234558, "1": 1.7919788360595703, "2": 0.5 },
  "27": { "0": 0.7408300638198853, "1": 2.5972485542297363, "2": 0.5 },
  "30": { "0": 2.8426594734191895, "1": 2.4742562770843506, "2": 0.5 },
  "33": { "0": 4.309935092926025, "1": 2.4701621532440186, "2": 0.5 },
  "36": { "0": 6.186915397644043, "1": 1.9734878540039062, "2": 0.5 },
  "39": { "0": 8.258545875549316, "1": 1.1677908897399902, "2": 0.5 },
  "42": { "0": 11.548910140991211, "1": 1.841963768005371, "2": 0.5 },
  "45": { "0": 12.939377784729004, "1": 0.859359622001648, "2": 0.5 },
  "48": { "0": 15.043624877929688, "1": 0.4900059700012207, "2": 0.5 },
  "51": { "0": 16.205598831176758, "1": -0.24482908844947815, "2": 0.5 },
  "54": { "0": 18.287609100341797, "1": -1.100359320640564, "2": 0.5 },
  "57": { "0": 18.371082305908203, "1": -0.9168038368225098, "2": 0.5 },
  "60": { "0": 17.311582565307617, "1": 0.2444804310798645, "2": 0.5 },
  "63": { "0": 15.979150772094727, "1": 1.1015288829803467, "2": 0.5 },
  "66": { "0": 14.704850196838379, "1": 1.162232518196106, "2": 0.5 },
  "69": { "0": 13.173624038696289, "1": 1.5296523571014404, "2": 0.5 },
  "72": { "0": 13.157440185546875, "1": 2.0193421840667725, "2": 0.5 },
  "75": { "0": 12.142552375793457, "1": 2.6935312747955322, "2": 0.5 },
  "78": { "0": 12.395483016967773, "1": 3.2450075149536133, "2": 0.5 },
  "81": { "0": 13.217254638671875, "1": 2.8165619373321533, "2": 0.5 },
  "84": { "0": 14.488873481750488, "1": 3.367690086364746, "2": 0.5 },
  "87": { "0": 16.014690399169922, "1": 3.735098361968994, "2": 0.5 },
  "90": { "0": 17.15321159362793, "1": 3.1216540336608887, "2": 0.5 },
  "93": { "0": 18.183725357055664, "1": 2.264371156692505, "2": 0.5 },
  "96": { "0": 19.17038345336914, "1": 0.9163976311683655, "2": 0.5 },
  "99": { "0": 21.507722854614258, "1": -1.6455421447753906, "2": 0.5 },
  "102": { "0": 22.588075637817383, "1": -4.132786273956299, "2": 0.5 },
  "105": { "0": 21.3225040435791, "1": -4.6641435623168945, "2": 0.5 },
  "108": { "0": 19.73334312438965, "1": -4.596571445465088, "2": 0.5 },
  "111": { "0": 18.39692497253418, "1": -4.415156364440918, "2": 0.5 },
  "114": { "0": 17.635204315185547, "1": -4.355099678039551, "2": 0.5 },
  "117": { "0": 16.877132415771484, "1": -4.479847431182861, "2": 0.5 },
  "120": { "0": 17.060129165649414, "1": -4.842892169952393, "2": 0.5 },
  "123": { "0": 17.32282829284668, "1": -5.081576824188232, "2": 0.5 },
  "126": { "0": 17.960399627685547, "1": -6.393633842468262, "2": 0.5 },
  "129": { "0": 18.14190673828125, "1": -7.097662925720215, "2": 0.5 }
}
