{"0":{"0":8.86059284210205,"1":5.967959403991699,"2":0.5},"3":{"0":9.347772598266602,"1":6.150651931762695,"2":0.5},"6":{"0":9.774055480957031,"1":6.211549282073975,"2":0.5},"9":{"0":10.104219436645508,"1":6.396666526794434,"2":0.5},"12":{"0":10.48210334777832,"1":6.458590507507324,"2":0.5},"15":{"0":10.914542198181152,"1":6.2761077880859375,"2":0.5},"18":{"0":11.152976989746094,"1":6.3980913162231445,"2":0.5},"21":{"0":10.507526397705078,"1":6.706479549407959,"2":0.5},"24":{"0":10.088132858276367,"1":6.645804405212402,"2":0.5},"27":{"0":9.764510154724121,"1":6.462971210479736,"2":0.5},"30":{"0":9.391786575317383,"1":6.277561187744141,"2":0.5}}