{"0":{"0":5.084944725036621,"1":5.785266876220703,"2":0.5},"3":{"0":5.4503302574157715,"1":5.967959403991699,"2":0.5},"6":{"0":5.902075290679932,"1":6.0288567543029785,"2":0.5},"9":{"0":6.179017543792725,"1":6.08631706237793,"2":0.5},"12":{"0":6.630744934082031,"1":6.086148262023926,"2":0.5},"15":{"0":7.192253589630127,"1":5.84262752532959,"2":0.5},"18":{"0":7.58843469619751,"1":5.781750202178955,"2":0.5},"21":{"0":7.842621803283691,"1":5.903466701507568,"2":0.5},"24":{"0":7.525883674621582,"1":6.1492390632629395,"2":0.5},"27":{"0":7.097439289093018,"1":6.272086143493652,"2":0.5},"30":{"0":6.407874584197998,"1":6.2723517417907715,"2":0.5},"33":{"0":5.652705192565918,"1":6.333319187164307,"2":0.5},"36":{"0":5.07090950012207,"1":6.150643348693848,"2":0.5},"39":{"0":4.896944999694824,"1":5.904626369476318,"2":0.5},"42":{"0":4.959468841552734,"1":5.842957496643066,"2":0.5}}