{"0":{"0":9.530465126037598,"1":5.724369049072266,"2":0.5},"3":{"0":9.895851135253906,"1":5.663471698760986,"2":0.5},"6":{"0":10.218119621276855,"1":5.5416765213012695,"2":0.5},"9":{"0":10.69327163696289,"1":5.5416765213012695,"2":0.5},"12":{"0":10.949441909790039,"1":5.5416765213012695,"2":0.5},"15":{"0":10.993569374084473,"1":5.846164226531982,"2":0.5},"18":{"0":10.665019035339355,"1":5.907061576843262,"2":0.5},"21":{"0":10.22677230834961,"1":5.967959403991699,"2":0.5},"24":{"0":9.900665283203125,"1":5.846164226531982,"2":0.5},"27":{"0":9.672139167785645,"1":5.724369049072266,"2":0.5},"30":{"0":10.076339721679688,"1":5.724369049072266,"2":0.5},"33":{"0":10.139055252075195,"1":5.785266876220703,"2":0.5},"36":{"0":10.142690658569336,"1":5.909075736999512,"2":0.5},"39":{"0":10.327027320861816,"1":5.909962177276611,"2":0.5},"42":{"0":10.388733863830566,"1":5.910396099090576,"2":0.5},"45":{"0":10.411998748779297,"1":5.7864990234375,"2":0.5},"48":{"0":10.388348579406738,"1":5.6605143547058105,"2":0.5},"51":{"0":10.380193710327148,"1":5.658703327178955,"2":0.5},"54":{"0":10.298314094543457,"1":5.657560348510742,"2":0.5},"57":{"0":10.274599075317383,"1":5.657054901123047,"2":0.5},"60":{"0":10.290840148925781,"1":5.656833648681641,"2":0.5},"63":{"0":10.234607696533203,"1":5.656700611114502,"2":0.5},"66":{"0":10.224698066711426,"1":5.778294086456299,"2":0.5},"69":{"0":10.270563125610352,"1":5.778254508972168,"2":0.5},"72":{"0":10.290847778320312,"1":5.778237342834473,"2":0.5}}