{"0":{"0":3.5625061988830566,"1":5.663471698760986,"2":0.5},"3":{"0":4.171481609344482,"1":6.150651931762695,"2":0.5},"6":{"0":4.296201229095459,"1":6.947049140930176,"2":0.5},"9":{"0":5.090108394622803,"1":7.193206787109375,"2":0.5},"12":{"0":5.790394306182861,"1":7.501698017120361,"2":0.5},"15":{"0":7.021595478057861,"1":7.811550140380859,"2":0.5},"18":{"0":7.56832218170166,"1":8.059981346130371,"2":0.5},"21":{"0":9.00755500793457,"1":8.00105094909668,"2":0.5},"24":{"0":10.223164558410645,"1":7.631607532501221,"2":0.5},"27":{"0":10.823936462402344,"1":7.322633266448975,"2":0.5},"30":{"0":11.10098934173584,"1":6.772306442260742,"2":0.5},"33":{"0":11.26648998260498,"1":6.092931747436523,"2":0.5},"36":{"0":11.617964744567871,"1":5.598833084106445,"2":0.5},"39":{"0":11.772884368896484,"1":5.290459632873535,"2":0.5},"42":{"0":11.885778427124023,"1":4.924307823181152,"2":0.5},"45":{"0":11.679287910461426,"1":4.126856803894043,"2":0.5},"48":{"0":11.458620071411133,"1":3.757453441619873,"2":0.5},"51":{"0":11.341547012329102,"1":3.2092490196228027,"2":0.5},"54":{"0":10.719048500061035,"1":2.3595845699310303,"2":0.5},"57":{"0":9.982795715332031,"1":1.8138803243637085,"2":0.5},"60":{"0":9.131065368652344,"1":1.569924235343933,"2":0.5},"63":{"0":8.194485664367676,"1":1.6294727325439453,"2":0.5},"66":{"0":6.905098915100098,"1":2.0516045093536377,"2":0.5},"69":{"0":6.2423415184021,"1":2.292968511581421,"2":0.5},"72":{"0":5.518386363983154,"1":2.77569842338562,"2":0.5},"75":{"0":4.45991325378418,"1":3.6808173656463623,"2":0.5},"78":{"0":4.0647053718566895,"1":3.92385196685791,"2":0.5},"81":{"0":3.7848634719848633,"1":4.529684066772461,"2":0.5},"84":{"0":3.511471748352051,"1":5.567709445953369,"2":0.5}}