{
  "0": { "0": 1.613784909248352, "1": 4.932701110839844, "2": -1 },
  "3": { "0": 1.641767978668213, "1": 5.298086166381836, "2": -1 },
  "6": { "0": 1.9084529876708984, "1": 6.0288567543029785, "2": -1 },
  "9": { "0": 1.7946704626083374, "1": 6.211549282073975, "2": -1 },
  "12": { "0": 1.7350523471832275, "1": 6.637832164764404, "2": -1 },
  "15": { "0": 1.9790310859680176, "1": 6.698729991912842, "2": -1 },
  "18": { "0": 1.9182320833206177, "1": 7.125012397766113, "2": -1 },
  "21": { "0": 1.356561303138733, "1": 6.634235382080078, "2": -1 },
  "24": { "0": 1.9141041040420532, "1": 6.999070167541504, "2": -1 },
  "27": { "0": 2.403998613357544, "1": 7.5495991706848145, "2": -1 },
  "30": { "0": 2.7714645862579346, "1": 7.980569362640381, "2": -1 },
  "33": { "0": 3.259489059448242, "1": 8.04284954071045, "2": -1 },
  "36": { "0": 2.895031452178955, "1": 8.229230880737305, "2": -1 },
  "39": { "0": 3.5051462650299072, "1": 8.535478591918945, "2": -1 },
  "42": { "0": 4.297902584075928, "1": 8.65779972076416, "2": -1 },
  "45": { "0": 4.599510669708252, "1": 8.840846061706543, "2": -1 },
  "48": { "0": 4.231259346008301, "1": 9.023798942565918, "2": -1 },
  "51": { "0": 4.661496162414551, "1": 9.084778785705566, "2": -1 },
  "54": { "0": 5.9243597984313965, "1": 9.206727027893066, "2": -1 },
  "57": { "0": 6.306250095367432, "1": 9.389643669128418, "2": -1 },
  "60": { "0": 6.821989059448242, "1": 9.450615882873535, "2": -1 },
  "63": { "0": 7.3826117515563965, "1": 9.195276260375977, "2": -1 },
  "66": { "0": 7.9420599937438965, "1": 9.191573143005371, "2": -1 },
  "69": { "0": 8.23035717010498, "1": 9.251730918884277, "2": -1 },
  "72": { "0": 8.591414451599121, "1": 9.065359115600586, "2": -1 },
  "75": { "0": 9.246413230895996, "1": 8.87286376953125, "2": -1 },
  "78": { "0": 10.07168197631836, "1": 8.627009391784668, "2": -1 },
  "81": { "0": 10.684708595275879, "1": 8.013504028320312, "2": -1 },
  "84": { "0": 11.307784080505371, "1": 7.339482307434082, "2": -1 },
  "87": { "0": 11.553606986999512, "1": 6.665101528167725, "2": -1 },
  "90": { "0": 11.467085838317871, "1": 6.961395263671875, "2": -1 },
  "93": { "0": 11.195527076721191, "1": 7.454838275909424, "2": -1 },
  "96": { "0": 10.216053009033203, "1": 8.314361572265625, "2": -1 },
  "99": { "0": 9.705269813537598, "1": 8.498018264770508, "2": -1 },
  "102": { "0": 8.726103782653809, "1": 8.741893768310547, "2": -1 },
  "105": { "0": 7.746856689453125, "1": 9.170578002929688, "2": -1 },
  "108": { "0": 6.577859878540039, "1": 8.92928695678711, "2": -1 },
  "111": { "0": 5.236876964569092, "1": 8.922170639038086, "2": -1 },
  "114": { "0": 4.613763809204102, "1": 8.617042541503906, "2": -1 },
  "117": { "0": 3.6750142574310303, "1": 8.123448371887207, "2": -1 },
  "120": { "0": 3.059230089187622, "1": 8.058807373046875, "2": -1 },
  "123": { "0": 2.346174478530884, "1": 7.2080888748168945, "2": -1 },
  "126": { "0": 2.2120261192321777, "1": 6.964043617248535, "2": -1 },
  "129": { "0": 1.9614537954330444, "1": 5.917471408843994, "2": -1 },
  "132": { "0": 2.2118966579437256, "1": 5.792504787445068, "2": -1 },
  "135": { "0": 2.0072803497314453, "1": 5.1733622550964355, "2": -1 },
  "138": { "0": 1.8428003787994385, "1": 5.046384811401367, "2": -1 }
}
