{
  "0": { "0": 2.5881454944610596, "1": 4.932701110839844, "2": 0 },
  "3": { "0": 2.4835288524627686, "1": 5.298086166381836, "2": 0 },
  "6": { "0": 3.156193494796753, "1": 6.034728050231934, "2": 0 },
  "9": { "0": 3.10414981842041, "1": 6.648218631744385, "2": 0 },
  "12": { "0": 3.727949857711792, "1": 7.2616987228393555, "2": 0 },
  "15": { "0": 4.167287826538086, "1": 7.693127632141113, "2": 0 },
  "18": { "0": 4.872997283935547, "1": 8.244855880737305, "2": 0 },
  "21": { "0": 5.299690246582031, "1": 8.123480796813965, "2": 0 },
  "24": { "0": 5.804709434509277, "1": 8.24315071105957, "2": 0 },
  "27": { "0": 6.450387001037598, "1": 8.612092018127441, "2": 0 },
  "30": { "0": 6.895169734954834, "1": 8.615609169006348, "2": 0 },
  "33": { "0": 7.99267578125, "1": 8.494909286499023, "2": 0 },
  "36": { "0": 8.739250183105469, "1": 8.434260368347168, "2": 0 },
  "39": { "0": 10.230567932128906, "1": 8.00285816192627, "2": 0 },
  "42": { "0": 10.883882522583008, "1": 7.757832050323486, "2": 0 },
  "45": { "0": 11.031109809875488, "1": 7.570899486541748, "2": 0 },
  "48": { "0": 11.21800708770752, "1": 7.319933891296387, "2": 0 },
  "51": { "0": 10.347368240356445, "1": 8.052558898925781, "2": 0 },
  "54": { "0": 8.251541137695312, "1": 8.788825035095215, "2": 0 },
  "57": { "0": 6.460612773895264, "1": 8.423858642578125, "2": 0 },
  "60": { "0": 4.247899532318115, "1": 7.749684810638428, "2": 0 },
  "63": { "0": 2.4842519760131836, "1": 6.08685302734375, "2": 0 },
  "66": { "0": 2.5027949810028076, "1": 4.909163475036621, "2": 0 }
}
