{
  "0": { "0": 4.354174613952637, "1": 3.1057746410369873, "2": 0.5 },
  "3": { "0": 4.112143039703369, "1": 3.959841251373291, "2": 0.5 },
  "6": { "0": 3.6632721424102783, "1": 4.813496112823486, "2": 0.5 },
  "9": { "0": 3.6797232627868652, "1": 5.971470355987549, "2": 0.5 },
  "12": { "0": 4.235054016113281, "1": 6.8276448249816895, "2": 0.5 },
  "15": { "0": 4.936378002166748, "1": 7.3824005126953125, "2": 0.5 },
  "18": { "0": 6.084799289703369, "1": 7.4463114738464355, "2": 0.5 },
  "21": { "0": 7.275968551635742, "1": 7.938782691955566, "2": 0.5 },
  "24": { "0": 8.008217811584473, "1": 8.126747131347656, "2": 0.5 },
  "27": { "0": 9.825531959533691, "1": 7.761767864227295, "2": 0.5 },
  "30": { "0": 10.80251407623291, "1": 7.57545280456543, "2": 0.5 },
  "33": { "0": 11.381464958190918, "1": 5.858444690704346, "2": 0.5 },
  "36": { "0": 11.806425094604492, "1": 5.365784168243408, "2": 0.5 },
  "39": { "0": 11.617372512817383, "1": 6.097220420837402, "2": 0.5 },
  "42": { "0": 11.298787117004395, "1": 7.197636127471924, "2": 0.5 },
  "45": { "0": 10.278587341308594, "1": 7.930912494659424, "2": 0.5 },
  "48": { "0": 9.616555213928223, "1": 8.236105918884277, "2": 0.5 },
  "51": { "0": 8.55384635925293, "1": 8.236165046691895, "2": 0.5 },
  "54": { "0": 7.624541759490967, "1": 8.358198165893555, "2": 0.5 },
  "57": { "0": 6.39219856262207, "1": 7.99215030670166, "2": 0.5 },
  "60": { "0": 5.616457462310791, "1": 7.916473388671875, "2": 0.5 },
  "63": { "0": 4.827855587005615, "1": 7.974303245544434, "2": 0.5 },
  "66": { "0": 4.059523582458496, "1": 7.361794471740723, "2": 0.5 },
  "69": { "0": 3.380422830581665, "1": 6.016406059265137, "2": 0.5 },
  "72": { "0": 3.3574111461639404, "1": 4.31003475189209, "2": 0.5 },
  "75": { "0": 3.7289812564849854, "1": 3.7609143257141113, "2": 0.5 },
  "78": { "0": 3.7921226024627686, "1": 3.5171566009521484, "2": 0.5 },
  "81": { "0": 3.2477617263793945, "1": 4.062744617462158, "2": 0.5 },
  "84": { "0": 3.185978651046753, "1": 4.851036548614502, "2": 0.5 },
  "87": { "0": 2.8824989795684814, "1": 5.8212432861328125, "2": 0.5 },
  "90": { "0": 3.6100425720214844, "1": 7.276553630828857, "2": 0.5 }
}
