{
  "0": { "0": 2.7708382606506348, "1": 2.8012869358062744, "2": -0.5 },
  "3": { "0": 2.021350383758545, "1": 2.8012869358062744, "2": -0.5 },
  "6": { "0": 1.5116487741470337, "1": 2.9839797019958496, "2": -0.5 },
  "9": { "0": 1.2350575923919678, "1": 2.923082113265991, "2": -0.5 },
  "12": { "0": 1.1226998567581177, "1": 3.2871127128601074, "2": -0.5 },
  "15": { "0": 1.2468336820602417, "1": 3.89528226852417, "2": -0.5 },
  "18": { "0": 2.0387179851531982, "1": 4.3211517333984375, "2": -0.5 },
  "21": { "0": 2.404045820236206, "1": 4.747131824493408, "2": -0.5 },
  "24": { "0": 2.7083919048309326, "1": 5.538305282592773, "2": -0.5 },
  "27": { "0": 2.525817394256592, "1": 6.207767963409424, "2": -0.5 },
  "30": { "0": 3.0137064456939697, "1": 7.184081077575684, "2": -0.5 },
  "33": { "0": 3.684053897857666, "1": 7.79433536529541, "2": -0.5 },
  "36": { "0": 4.123884677886963, "1": 8.160126686096191, "2": -0.5 },
  "39": { "0": 5.1754584312438965, "1": 8.284594535827637, "2": -0.5 },
  "42": { "0": 5.522310256958008, "1": 8.408233642578125, "2": -0.5 },
  "45": { "0": 6.885297775268555, "1": 8.963454246520996, "2": -0.5 },
  "48": { "0": 7.748954772949219, "1": 8.783477783203125, "2": -0.5 },
  "51": { "0": 9.168482780456543, "1": 8.476018905639648, "2": -0.5 },
  "54": { "0": 10.675073623657227, "1": 8.292439460754395, "2": -0.5 },
  "57": { "0": 11.285167694091797, "1": 7.432097911834717, "2": -0.5 },
  "60": { "0": 11.315292358398438, "1": 6.328197956085205, "2": -0.5 },
  "63": { "0": 12.0723237991333, "1": 5.409571647644043, "2": -0.5 },
  "66": { "0": 12.875641822814941, "1": 5.16002893447876, "2": -0.5 },
  "69": { "0": 13.346105575561523, "1": 4.367545127868652, "2": -0.5 },
  "72": { "0": 13.305134773254395, "1": 3.574963331222534, "2": -0.5 },
  "75": { "0": 12.944214820861816, "1": 3.2678589820861816, "2": -0.5 },
  "78": { "0": 13.182258605957031, "1": 3.8113291263580322, "2": -0.5 },
  "81": { "0": 13.131723403930664, "1": 4.415874481201172, "2": -0.5 },
  "84": { "0": 12.799057960510254, "1": 5.14165735244751, "2": -0.5 },
  "87": { "0": 12.463279724121094, "1": 5.141631126403809, "2": -0.5 },
  "90": { "0": 12.624162673950195, "1": 4.348428726196289, "2": -0.5 },
  "93": { "0": 12.55678653717041, "1": 3.3123857975006104, "2": -0.5 },
  "96": { "0": 11.937553405761719, "1": 3.0088045597076416, "2": -0.5 },
  "99": { "0": 12.053260803222656, "1": 3.5496015548706055, "2": -0.5 },
  "102": { "0": 12.274151802062988, "1": 3.9718871116638184, "2": -0.5 },
  "105": { "0": 12.463142395019531, "1": 4.818657875061035, "2": -0.5 },
  "108": { "0": 12.086028099060059, "1": 5.365052700042725, "2": -0.5 },
  "111": { "0": 11.513005256652832, "1": 5.912055492401123, "2": -0.5 },
  "114": { "0": 11.178789138793945, "1": 7.066524028778076, "2": -0.5 },
  "117": { "0": 10.628993034362793, "1": 7.853331089019775, "2": -0.5 },
  "120": { "0": 9.23865795135498, "1": 8.397523880004883, "2": -0.5 },
  "123": { "0": 7.32002067565918, "1": 8.509803771972656, "2": -0.5 },
  "126": { "0": 6.884314060211182, "1": 8.750044822692871, "2": -0.5 },
  "129": { "0": 3.802276134490967, "1": 7.894443035125732, "2": -0.5 },
  "132": { "0": 2.9809410572052, "1": 6.503089904785156, "2": -0.5 },
  "135": { "0": 2.503897190093994, "1": 6.493481159210205, "2": -0.5 },
  "138": { "0": 2.358025074005127, "1": 5.408742904663086, "2": -0.5 },
  "141": { "0": 2.368633270263672, "1": 4.802071571350098, "2": -0.5 },
  "144": { "0": 1.7745819091796875, "1": 4.677699089050293, "2": -0.5 },
  "147": { "0": 1.368247628211975, "1": 4.317871570587158, "2": -0.5 },
  "150": { "0": 0.9622122645378113, "1": 3.595292806625366, "2": -0.5 },
  "153": { "0": 0.9091673493385315, "1": 3.1734585762023926, "2": -0.5 },
  "156": { "0": 1.1097391843795776, "1": 2.813607692718506, "2": -0.5 },
  "159": { "0": 1.655112862586975, "1": 2.7535603046417236, "2": -0.5 }
}
