{"0":{"0":4.415071964263916,"1":0.18269263207912445,"2":0.5},"3":{"0":5.633022785186768,"1":-0.5480778813362122,"2":0.5},"6":{"0":7.357363224029541,"1":-0.9740154147148132,"2":0.5},"9":{"0":8.958038330078125,"1":-1.0955785512924194,"2":0.5},"12":{"0":9.938329696655273,"1":-0.9125971794128418,"2":0.5},"15":{"0":10.283103942871094,"1":-0.18255102634429932,"2":0.5},"18":{"0":9.962858200073242,"1":0.1826857477426529,"2":0.5},"21":{"0":9.064948081970215,"1":0.304577112197876,"2":0.5},"24":{"0":8.081308364868164,"1":0.4264916777610779,"2":0.5},"27":{"0":7.284611701965332,"1":0.7925478219985962,"2":0.5},"30":{"0":5.59243631362915,"1":0.8539257645606995,"2":0.5},"33":{"0":4.784055709838867,"1":0.6710491180419922,"2":0.5}}