{"0":{"0":4.65866231918335,"1":2.4967992305755615,"2":0.5},"3":{"0":4.902252197265625,"1":3.044877290725708,"2":0.5},"6":{"0":4.528628826141357,"1":3.227569818496704,"2":0.5},"9":{"0":4.144627094268799,"1":2.740389585494995,"2":0.5},"12":{"0":4.404516220092773,"1":2.4339277744293213,"2":0.5},"15":{"0":5.138844013214111,"1":2.1897976398468018,"2":0.5},"18":{"0":5.74794864654541,"1":1.6422322988510132,"2":0.5},"21":{"0":6.1128950119018555,"1":1.4597612619400024,"2":0.5},"24":{"0":6.982109069824219,"1":1.276739478111267,"2":0.5},"27":{"0":8.060441970825195,"1":1.2765752077102661,"2":0.5},"30":{"0":9.089471817016602,"1":1.337317705154419,"2":0.5},"33":{"0":10.11613655090332,"1":1.3980894088745117,"2":0.5},"36":{"0":10.698561668395996,"1":1.703328013420105,"2":0.5},"39":{"0":10.963741302490234,"1":2.434115171432495,"2":0.5},"42":{"0":10.48088264465332,"1":3.046814441680908,"2":0.5},"45":{"0":10.142976760864258,"1":2.62050461769104,"2":0.5},"48":{"0":9.809866905212402,"1":2.374298095703125,"2":0.5},"51":{"0":9.449633598327637,"1":2.3731777667999268,"2":0.5},"54":{"0":8.950849533081055,"1":2.4332542419433594,"2":0.5},"57":{"0":8.665002822875977,"1":2.4937613010406494,"2":0.5},"60":{"0":7.703834533691406,"1":2.7978763580322266,"2":0.5},"63":{"0":7.100795745849609,"1":2.7370522022247314,"2":0.5},"66":{"0":6.555294990539551,"1":2.79787540435791,"2":0.5},"69":{"0":5.533236980438232,"1":2.797875165939331,"2":0.5},"72":{"0":5.35800313949585,"1":2.9803452491760254,"2":0.5},"75":{"0":4.590045928955078,"1":3.041168689727783,"2":0.5},"78":{"0":5.810189723968506,"1":2.797875165939331,"2":0.5},"81":{"0":6.012722492218018,"1":2.371269941329956,"2":0.5},"84":{"0":6.148911952972412,"1":2.0047502517700195,"2":0.5},"87":{"0":6.607145309448242,"1":2.0034339427948,"2":0.5},"90":{"0":6.8294525146484375,"1":2.3675930500030518,"2":0.5},"93":{"0":6.8799052238464355,"1":2.794743776321411,"2":0.5},"96":{"0":8.66559886932373,"1":2.4921762943267822,"2":0.5},"99":{"0":9.168610572814941,"1":1.9431082010269165,"2":0.5},"102":{"0":9.51452350616455,"1":2.0023033618927,"2":0.5}}