{"0":{"0":1.5528873205184937,"1":-0.48718035221099854,"2":0.5},"3":{"0":2.040067672729492,"1":-1.826926350593567,"2":0.5},"6":{"0":3.818464994430542,"1":-2.1908414363861084,"2":0.5},"9":{"0":5.8183488845825195,"1":-2.2501165866851807,"2":0.5},"12":{"0":7.273947715759277,"1":-1.8852119445800781,"2":0.5},"15":{"0":7.273900508880615,"1":-1.0343190431594849,"2":0.5},"18":{"0":6.264986515045166,"1":0.12179085612297058,"2":0.5},"21":{"0":4.390150547027588,"1":0.4266679883003235,"2":0.5},"24":{"0":3.495056629180908,"1":0.18289346992969513,"2":0.5},"27":{"0":1.967532753944397,"1":-0.4865783154964447,"2":0.5}}