{"0":{"0":4.65866231918335,"1":1.0352582931518555,"2":0.5},"3":{"0":5.932666301727295,"1":0.4259364604949951,"2":0.5},"6":{"0":7.008843421936035,"1":6.654509622901804e-18,"2":0.5},"9":{"0":9.00917911529541,"1":-0.2430991381406784,"2":0.5},"12":{"0":10.221490859985352,"1":0.24302378296852112,"2":0.5},"15":{"0":10.669875144958496,"1":0.7897652387619019,"2":0.5},"18":{"0":9.959550857543945,"1":1.0938720703125,"2":0.5},"21":{"0":8.613119125366211,"1":1.2161325216293335,"2":0.5},"24":{"0":7.422198295593262,"1":1.3380351066589355,"2":0.5},"27":{"0":6.369288921356201,"1":1.459733009338379,"2":0.5}}