{"0":{"0":3.136223554611206,"1":0.06089754402637482,"2":0.5},"3":{"0":3.943939208984375,"1":-0.9134631752967834,"2":0.5},"6":{"0":5.217465400695801,"1":-1.5815132856369019,"2":0.5},"9":{"0":7.415306091308594,"1":-1.8225616216659546,"2":0.5},"12":{"0":9.147419929504395,"1":-1.457276463508606,"2":0.5},"15":{"0":9.563191413879395,"1":-0.9107174277305603,"2":0.5},"18":{"0":9.524518966674805,"1":-0.3642783761024475,"2":0.5},"21":{"0":7.279029369354248,"1":0.12147234380245209,"2":0.5},"24":{"0":6.319459438323975,"1":0.30385443568229675,"2":0.5},"27":{"0":5.3185906410217285,"1":0.3039077818393707,"2":0.5},"30":{"0":3.7744531631469727,"1":0.18235427141189575,"2":0.5}}