{
  "0": { "0": -0.761219322681427, "1": 0.9134631752967834, "2": 0.5 },
  "3": { "0": -0.7827385067939758, "1": -0.5478700995445251, "2": 0.5 },
  "6": { "0": 0.5379495024681091, "1": -1.7036221027374268, "2": 0.5 },
  "9": { "0": 1.925362467765808, "1": -2.1291303634643555, "2": 0.5 },
  "12": { "0": 3.740994453430176, "1": -2.1280765533447266, "2": 0.5 },
  "15": { "0": 6.009566307067871, "1": -0.6686887145042419, "2": 0.5 },
  "18": { "0": 5.3406662940979, "1": 0.8526958227157593, "2": 0.5 },
  "21": { "0": 3.8110294342041016, "1": 1.768164873123169, "2": 0.5 },
  "24": { "0": 1.7112714052200317, "1": 1.83098304271698, "2": 0.5 }
}
