{
  "0": { "0": 0.3349364995956421, "1": 0.3044877052307129, "2": 0.5 },
  "3": { "0": 0.45656391978263855, "1": -1.2175037860870361, "2": 0.5 },
  "6": { "0": 1.333570957183838, "1": -1.5819624662399292, "2": 0.5 },
  "9": { "0": 2.591479778289795, "1": -1.7640997171401978, "2": 0.5 },
  "12": { "0": 4.3081159591674805, "1": -1.763197660446167, "2": 0.5 },
  "15": { "0": 5.200005531311035, "1": -1.6413488388061523, "2": 0.5 },
  "18": { "0": 6.15802001953125, "1": -0.3648788332939148, "2": 0.5 },
  "21": { "0": 5.537916660308838, "1": 0.9123009443283081, "2": 0.5 },
  "24": { "0": 4.045677185058594, "1": 1.0352123975753784, "2": 0.5 },
  "27": { "0": 3.176992416381836, "1": 0.8526099920272827, "2": 0.5 },
  "30": { "0": 0.4712367057800293, "1": 0.48674726486206055, "2": 0.5 }
}
