{
  "0": { "0": 5.633022785186768, "1": 1.9487214088439941, "2": 0.5 },
  "3": { "0": 6.485588550567627, "1": 2.435901641845703, "2": 0.5 },
  "6": { "0": 7.8128790855407715, "1": 2.435901641845703, "2": 0.5 },
  "9": { "0": 10.100044250488281, "1": 2.6804754734039307, "2": 0.5 },
  "12": { "0": 10.966623306274414, "1": 2.131587505340576, "2": 0.5 },
  "15": { "0": 11.32613754272461, "1": 1.8269720077514648, "2": 0.5 },
  "18": { "0": 10.859281539916992, "1": 1.1552016735076904, "2": 0.5 },
  "21": { "0": 10.177229881286621, "1": 0.7893882393836975, "2": 0.5 },
  "24": { "0": 8.768982887268066, "1": 0.5454869866371155, "2": 0.5 },
  "27": { "0": 7.57961368560791, "1": 0.6057862639427185, "2": 0.5 },
  "30": { "0": 6.076382637023926, "1": 0.9091094136238098, "2": 0.5 },
  "33": { "0": 5.407125473022461, "1": 1.6377366781234741, "2": 0.5 }
}
