{"0":{"0":8.921489715576172,"1":3.4711599349975586,"2":0.5},"3":{"0":9.347772598266602,"1":3.4102623462677,"2":0.5},"6":{"0":9.797035217285156,"1":3.349364995956421,"2":0.5},"9":{"0":10.347588539123535,"1":3.4711599349975586,"2":0.5},"12":{"0":10.390463829040527,"1":3.349364995956421,"2":0.5},"15":{"0":9.811318397521973,"1":3.1030232906341553,"2":0.5},"18":{"0":9.462467193603516,"1":3.04142165184021,"2":0.5},"21":{"0":8.874568939208984,"1":2.9804141521453857,"2":0.5},"24":{"0":7.928717136383057,"1":2.980348825454712,"2":0.5},"27":{"0":7.392175197601318,"1":3.103456735610962,"2":0.5},"30":{"0":7.6982221603393555,"1":3.2254533767700195,"2":0.5},"33":{"0":8.285179138183594,"1":3.470395088195801,"2":0.5},"36":{"0":8.75497817993164,"1":3.472722053527832,"2":0.5},"39":{"0":8.969841003417969,"1":3.534052848815918,"2":0.5},"42":{"0":8.197623252868652,"1":3.351398229598999,"2":0.5},"45":{"0":8.264492988586426,"1":3.16860032081604,"2":0.5},"48":{"0":8.776885986328125,"1":3.168600559234619,"2":0.5}}