{

    "0": {
        "0": -0.4567315876483917,
        "1": -0.6850973963737488,
        "2": 0.5,
        "3": 0.22836579382419586,
        "4": -0.8373412489891052,
        "5": 0.5,
        "6": 0.6850973963737488,
        "7": -0.6850973963737488,
        "8": 0.5,
        "9": 0.9895851016044617,
        "10": -0.15224385261535645,
        "11": 0.5,
        "12": 0.837926983833313,
        "13": 0.5332262516021729,
        "14": 0.5,
        "15": 0.6094321012496948,
        "16": 0.9141481518745422,
        "17": 0.5,
        "18": 0.24995404481887817,
        "19": 0.9903352856636047,
        "20": 0.5,
        "21": -0.2090444713830948,
        "22": 0.990337610244751,
        "23": 0.5,
        "24": -0.644710123538971,
        "25": 0.761798620223999,
        "26": 0.5,
        "27": -0.7723026275634766,
        "28": 0.304719477891922,
        "29": 0.5,
        "30": -0.6101056933403015,
        "31": -0.45613205432891846,
        "32": 0.5,
        "33": -0.4553053677082062,
        "34": -0.6836325526237488,
        "35": 0.5,
        "36": -0.15118533372879028,
        "37": -0.6835685968399048,
        "38": 0.5,
        "transform": {"x":3.2,"y":2.35,"z":0}
    },

    "50": {
        "0": -0.15224385261535645,
        "1": -0.5328534841537476,
        "2": 0.5,
        "3": 0.4921269714832306,
        "4": -0.5328534841537476,
        "5": 0.5,
        "6": 0.7688165307044983,
        "7": -0.22836579382419586,
        "8": 0.5,
        "9": 0.6110828518867493,
        "10": 0.3044877052307129,
        "11": 0.5,
        "12": 0.4368976056575775,
        "13": 0.8387455344200134,
        "14": 0.5,
        "15": 0.19477839767932892,
        "16": 0.9921835064888,
        "17": 0.5,
        "18": -0.15007513761520386,
        "19": 0.9924640655517578,
        "20": 0.5,
        "21": -0.36948007345199585,
        "22": 0.9925501346588135,
        "23": 0.5,
        "24": -0.6558331847190857,
        "25": 0.8395681381225586,
        "26": 0.5,
        "27": -0.6768277883529663,
        "28": 0.6863095164299011,
        "29": 0.5,
        "30": -0.8056596517562866,
        "31": 0.2282484471797943,
        "32": 0.5,
        "33": -0.7697200179100037,
        "34": -0.15182417631149292,
        "35": 0.5,
        "36": -0.5305089354515076,
        "37": -0.37946411967277527,
        "38": 0.5,
        "39": -0.37757408618927,
        "40": -0.37945446372032166,
        "41": 0.5,
        "42": -0.04015292599797249,
        "43": -0.4551642835140228,
        "44": 0.5,
        "transform": {"x":12.2,"y":0.94,"z":0}
    }
}