{
    "0": -1.192872405052185,
    "1": -6.799373149871826,
    "2": 0,
    "3": -0.7164965867996216,
    "4": -9.31445598602295,
    "5": 0,
    "6": -0.119428850710392,
    "7": -10.629167556762695,
    "8": 0,
    "9": 0.8360065221786499,
    "10": -12.181809425354004,
    "11": 0,
    "12": 1.9108725786209106,
    "13": -13.376108169555664,
    "14": 0,
    "15": 3.105168104171753,
    "16": -15.406410217285156,
    "17": 0,
    "18": 3.7023158073425293,
    "19": -16.122987747192383,
    "20": 0,
    "21": 4.418892860412598,
    "22": -16.481277465820312,
    "23": 0,
    "24": 6.122483253479004,
    "25": -16.600706100463867,
    "26": 0,
    "27": 7.764304161071777,
    "28": -16.481277465820312,
    "29": 0,
    "30": 8.71854305267334,
    "31": -15.76469898223877,
    "32": 0,
    "33": 10.868233680725098,
    "34": -14.689833641052246,
    "35": 0,
    "36": 13.152703285217285,
    "37": -13.271990776062012,
    "38": 0,
    "39": 14.588003158569336,
    "40": -12.1962890625,
    "41": 0,
    "42": 15.305473327636719,
    "43": -10.04403018951416,
    "44": 0,
    "45": 15.32256031036377,
    "46": -8.738409996032715,
    "47": 0,
    "48": 16.52097511291504,
    "49": -5.746277809143066,
    "50": 0,
    "51": 16.760404586791992,
    "52": -3.8308520317077637,
    "53": 0,
    "54": 16.88011932373047,
    "55": -1.4365695714950562,
    "56": 0,
    "57": 16.88011932373047,
    "58": 1.6759978532791138,
    "59": 0,
    "60": 16.520977020263672,
    "61": 3.7111380100250244,
    "62": 0,
    "63": 15.323835372924805,
    "64": 5.626564025878906,
    "65": 0

}