{"0":1.021309733390808,"1":2.43979549407959,"2":0.5,"3":1.7063676118850708,"4":3.611811399459839,"5":0.5,"6":2.5631282329559326,"7":3.9574170112609863,"8":0.5,"9":3.4704995155334473,"10":4.128299236297607,"11":0.5,"12":4.046850681304932,"13":4.071377277374268,"14":0.5,"15":4.758505821228027,"16":3.755802869796753,"17":0.5,"18":5.2020416259765625,"19":3.1517207622528076,"20":0.5,"21":5.260494709014893,"22":2.4931516647338867,"23":0.5,"24":5.140511512756348,"25":1.663192629814148,"26":0.5,"27":4.842767715454102,"28":1.122462511062622,"29":0.5,"30":4.474746227264404,"31":0.8091979622840881,"32":0.5,"33":3.6996943950653076,"34":0.4990829825401306,"35":0.5,"36":2.678253173828125,"37":0.4420821964740753,"38":0.5,"39":2.015648603439331,"40":0.6348363161087036,"41":0.5,"42":1.4284391403198242,"43":0.9389359354972839,"44":0.5,"45":1.0947977304458618,"46":1.4938933849334717,"47":0.5,"48":0.9929916858673096,"49":2.2166218757629395,"50":0.5,"51":1.0636507272720337,"52":2.528017044067383,"53":0.5,"54":1.4543170928955078,"55":2.7234303951263428,"56":0.5,"57":2.137242078781128,"58":3.031985282897949,"59":0.5,"60":2.9228920936584473,"61":3.2585902214050293,"62":0.5,"63":3.811431646347046,"64":3.231731414794922,"65":0.5,"66":4.530904769897461,"67":3.1762213706970215,"68":0.5,"69":4.870993137359619,"70":2.925508975982666,"71":0.5,"72":4.8979105949401855,"73":2.5557334423065186,"74":0.5,"75":4.766289234161377,"76":2.104841947555542,"77":0.5,"78":4.2784743309021,"79":1.6250884532928467,"80":0.5,"81":3.514735221862793,"82":1.479067087173462,"83":0.5,"84":3.132866382598877,"85":1.5894653797149658,"86":0.5,"87":2.4589650630950928,"88":1.7287514209747314,"89":0.5,"90":1.8028007745742798,"91":1.866769552230835,"92":0.5,"93":1.521384596824646,"94":2.0335323810577393,"95":0.5,"96":1.0947719812393188,"97":2.283580780029297,"98":0.5,"99":0.9901056885719299,"100":2.5869994163513184,"101":0.5}