{"0":9.855581283569336,"1":1.0897998809814453,"2":0.5,"3":10.282024383544922,"4":1.421478033065796,"5":0.5,"6":11.13491153717041,"7":1.8953040838241577,"8":0.5,"9":12.082563400268555,"10":1.8953040838241577,"11":0.5,"12":12.9456205368042,"13":1.6110085248947144,"14":0.5,"15":13.495652198791504,"16":1.183609127998352,"17":0.5,"18":13.957632064819336,"19":0.6146897077560425,"20":0.5,"21":13.472845077514648,"22":0.3308963477611542,"23":0.5,"24":11.85307788848877,"25":0.2836182117462158,"26":0.5,"27":11.003987312316895,"28":0.47269579768180847,"29":0.5,"30":10.397587776184082,"31":0.8035825490951538,"32":0.5,"33":9.92879867553711,"34":1.0883147716522217,"35":0.5,"36":9.701282501220703,"37":1.7510442733764648,"38":0.5,"39":9.749107360839844,"40":2.4609484672546387,"41":0.5,"42":10.304100036621094,"43":2.9840621948242188,"44":0.5,"45":11.086832046508789,"46":3.1772096157073975,"47":0.5,"48":12.392204284667969,"49":2.8936519622802734,"50":0.5,"51":13.237713813781738,"52":2.5595717430114746,"53":0.5,"54":14.0311918258667,"55":1.846397876739502,"56":0.5,"57":14.400289535522461,"58":0.9939085841178894,"59":0.5,"60":14.412044525146484,"61":0.2362297922372818,"62":0.5,"63":13.860050201416016,"64":-0.23586617410182953,"65":0.5,"66":13.2172212600708,"67":-0.47112515568733215,"68":0.5,"69":12.31399917602539,"70":-0.565229058265686,"71":0.5,"72":11.096933364868164,"73":-0.23550285398960114,"74":0.5,"75":10.533097267150879,"76":0.04710013046860695,"77":0.5,"78":9.782841682434082,"79":0.7543003559112549,"80":0.5,"81":9.902953147888184,"82":1.5089993476867676,"83":0.5}