{
    "HS": 5,
    "eS": 4,
    "jS": 4,
    "H": {
        "0": {
            "0": -0.07399187982082367,
            "1": 9.248985290527344,
            "2": 0.5,
            "3": 0.07399187982082367,
            "4": 7.917131423950195,
            "5": 0.5,
            "6": 0.07394465804100037,
            "7": 7.320521354675293,
            "8": 0.5,
            "9": 0.07369023561477661,
            "10": 5.821528911590576,
            "11": 0.5,
            "12": -0.073170505464077,
            "13": 3.7316956520080566,
            "14": 0.5,
            "15": -0.07285510748624802,
            "16": 3.132769823074341,
            "17": 0.5,
            "18": 0.07263021916151047,
            "19": 2.2515368461608887,
            "20": 0.5,
            "21": 0.07234665006399155,
            "22": 1.0851997137069702,
            "23": 0.5,
            "24": 0.07202455401420593,
            "25": 0.5041718482971191,
            "26": 0.5,
            "27": 0.07181601971387863,
            "28": 0.2154480665922165,
            "29": 0.5
        },
        "30": {
            "0": 4.5086188316345215,
            "1": 0.21469613909721375,
            "2": 0.5,
            "3": 4.5086188316345215,
            "4": 0.7872191667556763,
            "5": 0.5,
            "6": 4.5086188316345215,
            "7": 1.5028729438781738,
            "8": 0.5,
            "9": 4.51455545425415,
            "10": 2.2214479446411133,
            "11": 0.5,
            "12": 4.528368949890137,
            "13": 2.947033643722534,
            "14": 0.5,
            "15": 4.548994541168213,
            "16": 3.826931953430176,
            "17": 0.5,
            "18": 4.574072360992432,
            "19": 4.719281196594238,
            "20": 0.5,
            "21": 4.598875045776367,
            "22": 5.620847225189209,
            "23": 0.5,
            "24": 4.453615188598633,
            "25": 7.185831069946289,
            "26": 0.5,
            "27": 4.3240814208984375,
            "28": 8.431802749633789,
            "29": 0.5,
            "30": 4.4656476974487305,
            "31": 8.900656700134277,
            "32": 0.5,
            "33": 4.440301418304443,
            "34": 9.229852676391602,
            "35": 0.5
        },
        "66": {
            "0": 4.581325531005859,
            "1": 4.283048629760742,
            "2": 0.5,
            "3": 4.581321716308594,
            "4": 4.283051013946533,
            "5": 0.5,
            "6": 4.099982738494873,
            "7": 4.585967063903809,
            "8": 0.5,
            "9": 3.589477777481079,
            "10": 4.73906135559082,
            "11": 0.5,
            "12": 2.939852237701416,
            "13": 4.740676403045654,
            "14": 0.5,
            "15": 2.3207743167877197,
            "16": 4.741260051727295,
            "17": 0.5,
            "18": 1.6623804569244385,
            "19": 4.588289737701416,
            "20": 0.5,
            "21": 0.8466573357582092,
            "22": 4.435777187347412,
            "23": 0.5,
            "24": 0.025046097114682198,
            "25": 4.131283283233643,
            "26": 0.5
        }
    },
    "e": {
        "0": {
            "0": 0.7531284093856812,
            "1": 1.9935752153396606,
            "2": 0.5,
            "3": 1.461955189704895,
            "4": 2.259385347366333,
            "5": 0.5,
            "6": 2.2900328636169434,
            "7": 2.7955896854400635,
            "8": 0.5,
            "9": 2.5729622840881348,
            "10": 3.247607469558716,
            "11": 0.5,
            "12": 2.5177066326141357,
            "13": 3.7964677810668945,
            "14": 0.5,
            "15": 2.269096851348877,
            "16": 4.169604301452637,
            "17": 0.5,
            "18": 1.9064284563064575,
            "19": 4.454174041748047,
            "20": 0.5,
            "21": 1.3959884643554688,
            "22": 4.55303955078125,
            "23": 0.5,
            "24": 1.0803381204605103,
            "25": 4.556886672973633,
            "26": 0.5,
            "27": 0.6317285299301147,
            "28": 4.097738742828369,
            "29": 0.5,
            "30": 0.4033380448818207,
            "31": 3.3616483211517334,
            "32": 0.5,
            "33": 0.3748721778392792,
            "34": 2.27197527885437,
            "35": 0.5,
            "36": 0.5899783372879028,
            "37": 0.9204123020172119,
            "38": 0.5,
            "39": 1.0448423624038696,
            "40": 0.47887060046195984,
            "41": 0.5,
            "42": 1.4351531267166138,
            "43": 0.21670742332935333,
            "44": 0.5,
            "45": 2.066500663757324,
            "46": 0.04317408800125122,
            "47": 0.5,
            "48": 2.3417117595672607,
            "49": -0.04308534041047096,
            "50": 0.5,
            "51": 2.680732011795044,
            "52": 0.12918733060359955,
            "53": 0.5,
            "54": 2.894397735595703,
            "55": 0.21535266935825348,
            "56": 0.5,
            "57": 3.065817356109619,
            "58": 0.3876848518848419,
            "59": 0.5
        }
    },
    "j": {
        "0": {
            "0": 0.04430167376995087,
            "1": 3.9428489208221436,
            "2": 0.5,
            "3": 0.1329050213098526,
            "4": 3.2340221405029297,
            "5": 0.5,
            "6": 0.2213326245546341,
            "7": 2.7002580165863037,
            "8": 0.5,
            "9": 0.2203725129365921,
            "10": 1.5426076650619507,
            "11": 0.5,
            "12": 0.21928904950618744,
            "13": 0.5701515674591064,
            "14": 0.5,
            "15": 0.21872754395008087,
            "16": 0.043745510280132294,
            "17": 0.5,
            "18": 0.06699047982692719,
            "19": -1.0009307861328125,
            "20": 0.5,
            "21": -0.1697632074356079,
            "22": -1.9402505159378052,
            "23": 0.5,
            "24": -0.5027735829353333,
            "25": -2.4467849731445312,
            "26": 0.5,
            "27": -0.7305819392204285,
            "28": -2.522210121154785,
            "29": 0.5,
            "30": -0.9319702982902527,
            "31": -2.4338603019714355,
            "32": 0.5
        },
        "33": {
            "0": -0.17494110763072968,
            "1": 6.532473564147949,
            "2": 0.5,
            "3": -0.43111652135849,
            "4": 6.1055145263671875,
            "5": 0.5,
            "6": -0.17494110763072968,
            "7": 6.1055145263671875,
            "8": 0.5,
            "9": -0.05324959009885788,
            "10": 6.2762980461120605,
            "11": 0.5,
            "12": -0.3438599407672882,
            "13": 6.532473564147949,
            "14": 0.5
        }
    }
}